﻿<?xml version="1.0" encoding="utf-8"?><NewsFeed><NewsItem><Title>Are 110 million toilets enough to stop India's public defecation problem?</Title><Description /><PublishedDate>10/6/2019 3:53:02 AM +00:00</PublishedDate><NewsChannel>CNN</NewsChannel></NewsItem><NewsItem><Title>Intermittent fasting and a new passion helped him lose 95 pounds</Title><Description>In May 2018, Jared Sklar's wake-up call was waiting for him when he got home from work. He opened the fridge and saw four different pizza boxes from four different restaurants.</Description><PublishedDate>8/27/2019 12:15:36 AM +00:00</PublishedDate><NewsChannel>CNN</NewsChannel></NewsItem><NewsItem><Title>Eat more plants and less meat to live longer and improve heart health</Title><Description>Eating more plants and less meat has been tied to a longer life and a reduced risk of cardiovascular disease in a new study.</Description><PublishedDate>8/9/2019 6:50:29 AM +00:00</PublishedDate><NewsChannel>CNN</NewsChannel></NewsItem><NewsItem><Title>South Africa's 'boxing grannies' juke and jab their way to healthier lives </Title><Description>The women range in age from the mid-60s to the early 80s. They love to dance and sing. And twice a week, they come to a gym in Cosmo City, on the outskirts of Johannesburg, to box. They are affectionately known as South Africa's "boxing grannies," and these women are juking and jabbing their way to healthier lives.</Description><PublishedDate>2/1/2019 10:38:33 AM +00:00</PublishedDate><NewsChannel>CNN</NewsChannel></NewsItem><NewsItem><Title>5 dishes every Hanoi visitor needs to try</Title><Description /><PublishedDate>6/3/2019 3:55:49 AM +00:00</PublishedDate><NewsChannel>CNN</NewsChannel></NewsItem><NewsItem><Title>Where to try bia hoi, Hanoi's 25 cent beer </Title><Description>As soon as the sun sets in Hanoi, Vietnam, there's only one place to be: the corner of Ta Hien and Luong Ngoc Quyen streets.</Description><PublishedDate>11/27/2018 1:22:50 AM +00:00</PublishedDate><NewsChannel>CNN</NewsChannel></NewsItem><NewsItem><Title>Hanoi's best boutique hotels</Title><Description /><PublishedDate>5/15/2018 7:27:11 PM +00:00</PublishedDate><NewsChannel>CNN</NewsChannel></NewsItem><NewsItem><Title>The Thai entrepreneur who believes pretty jewelry can build a better earth </Title><Description>Looking at a piece of fine jewelry, you might not immediately wonder where it came from or who made it.</Description><PublishedDate>9/5/2019 4:21:58 PM +00:00</PublishedDate><NewsChannel>CNN</NewsChannel></NewsItem><NewsItem><Title>The rebel Thai composer taking music to unheard heights</Title><Description>On the surface, it's a typical orchestra rehearsal.</Description><PublishedDate>7/10/2019 11:17:53 AM +00:00</PublishedDate><NewsChannel>CNN</NewsChannel></NewsItem><NewsItem><Title>Meet the 16-year-old CEO who's helping nonprofits</Title><Description>Irawadee Thawornbut is the 16-year-old founder of Sandee for Good, an online marketplace for donors to order and pay for goods to be delivered to nonprofits.</Description><PublishedDate>7/25/2019 9:37:37 AM +00:00</PublishedDate><NewsChannel>CNN</NewsChannel></NewsItem><NewsItem><Title>Preserving Macao's bamboo tradition through sculptural works</Title><Description>Many of Asia's biggest cities owe their skylines to long bamboo poles that allow construction workers to climb to great heights.</Description><PublishedDate>9/6/2019 8:46:01 AM +00:00</PublishedDate><NewsChannel>CNN</NewsChannel></NewsItem><NewsItem><Title>The master shipbuilder keeping Macao's maritime past alive</Title><Description>Master shipbuilder Tam Kam Chun is on a mission. Every day, the 71-year-old spends hours at an abandoned Macao shipyard, hunched over a table, hard at work. With only stray dogs for company and a single electric fan to keep him cool, he meticulously hand-crafts the sort of fishing boats that have been made here for generations.</Description><PublishedDate>8/19/2019 5:45:38 AM +00:00</PublishedDate><NewsChannel>CNN</NewsChannel></NewsItem><NewsItem><Title>How Tokyo is readying for the global spotlight</Title><Description /><PublishedDate>9/18/2019 5:32:52 AM +00:00</PublishedDate><NewsChannel>CNN</NewsChannel></NewsItem><NewsItem><Title>Welcome to the world's wildest intersection  </Title><Description /><PublishedDate>7/3/2019 9:05:01 PM +00:00</PublishedDate><NewsChannel>CNN</NewsChannel></NewsItem><NewsItem><Title>Hoshinoya Tokyo: Japan's most luxurious urban ryokan </Title><Description /><PublishedDate>2/11/2019 8:11:49 AM +00:00</PublishedDate><NewsChannel>CNN</NewsChannel></NewsItem><NewsItem><Title>The story behind Vietnam's 'Crazy House' </Title><Description /><PublishedDate>8/26/2019 12:06:44 AM +00:00</PublishedDate><NewsChannel>CNN</NewsChannel></NewsItem><NewsItem><Title>7 reasons to visit gorgeous Hoi An</Title><Description /><PublishedDate>6/17/2019 5:28:08 PM +00:00</PublishedDate><NewsChannel>CNN</NewsChannel></NewsItem><NewsItem><Title>30 of Vietnam's most beautiful places</Title><Description>Thanks in part to its serpentine shape and lengthy coastline, Vietnam is home to wildly diverse landscapes.</Description><PublishedDate>2/19/2019 3:34:58 AM +00:00</PublishedDate><NewsChannel>CNN</NewsChannel></NewsItem><NewsItem><Title>Protesters appear to be hit by taxi and man beaten bloody in another violent turn for Hong Kong</Title><Description>Hong Kong's political unrest took another dark turn Sunday when a driver mowed down protesters with a taxi cab and a man was beaten bloody by a mob, video shows.</Description><PublishedDate>1/1/0001 12:00:00 AM +00:00</PublishedDate><NewsChannel>CNN</NewsChannel></NewsItem><NewsItem><Title>5 elephants and a calf die while trying to save the young one in a Thai waterfall</Title><Description>Five elephants and a 3-year-old calf died at a waterfall in Thailand during what authorities believe was an attempt by the adults to save the young one.</Description><PublishedDate>1/1/0001 12:00:00 AM +00:00</PublishedDate><NewsChannel>CNN</NewsChannel></NewsItem><NewsItem><Title>Hong Kong's ban on masks at protests sparks night of violent protests</Title><Description>Hong Kong woke to a city transformed Saturday, after protesters went on a rampage across the territory in reaction to the government's use of emergency powers to ban masks at demonstrations.</Description><PublishedDate>1/1/0001 12:00:00 AM +00:00</PublishedDate><NewsChannel>CNN</NewsChannel></NewsItem><NewsItem><Title>India built 110M toilets. But will people use them?</Title><Description>It was the ambitious sanitation campaign aimed at giving almost half of India's 1.3 billion population access to a toilet in just five years.</Description><PublishedDate>1/1/0001 12:00:00 AM +00:00</PublishedDate><NewsChannel>CNN</NewsChannel></NewsItem><NewsItem><Title>Hong Kong uses colonial-era emergency law, sparking night of violence</Title><Description>Hong Kong's leader invoked rarely-used emergency powers to ban people from wearing face masks during public assemblies, a move that enraged thousands of protesters who marched through streets across the territory on Friday night.</Description><PublishedDate>1/1/0001 12:00:00 AM +00:00</PublishedDate><NewsChannel>CNN</NewsChannel></NewsItem><NewsItem><Title>More than 5,000 inmates die at this prison every year</Title><Description>One in five detainees at the Philippines' national penitentiary die every year, officials at the prison hospital have revealed.</Description><PublishedDate>1/1/0001 12:00:00 AM +00:00</PublishedDate><NewsChannel>CNN</NewsChannel></NewsItem><NewsItem><Title>US tested new missile in the Pacific as China paraded weapons</Title><Description>As China paraded some of its most powerful weaponry during celebrations marking the Communist state's 70th anniversary on Tuesday, the United States Navy tested its newest piece of firepower in the Pacific.</Description><PublishedDate>1/1/0001 12:00:00 AM +00:00</PublishedDate><NewsChannel>CNN</NewsChannel></NewsItem><NewsItem><Title>South Korean man confesses to a series of murders that stumped police for decades</Title><Description>A South Korean man has confessed to the murder of 14 women including nine who were victims in the country's most infamous serial killing case -- but the suspect won't face prosecution, police said.</Description><PublishedDate>1/1/0001 12:00:00 AM +00:00</PublishedDate><NewsChannel>CNN</NewsChannel></NewsItem><NewsItem><Title>Why China is the worst country Trump could ask for a favor</Title><Description>Trump wanted China's help to investigate Democratic presidential candidate Joe Biden and his son Hunter. Here's why that's a bad idea.</Description><PublishedDate>1/1/0001 12:00:00 AM +00:00</PublishedDate><NewsChannel>CNN</NewsChannel></NewsItem><NewsItem><Title>The NBA is playing in India for the first time ever</Title><Description>The National Basketball Association (NBA) has arrived in India.</Description><PublishedDate>1/1/0001 12:00:00 AM +00:00</PublishedDate><NewsChannel>CNN</NewsChannel></NewsItem><NewsItem><Title>North Korea says it test fired a new type of submarine-launched ballistic missile</Title><Description>North Korea said it test fired a new type of a submarine-launched ballistic missile (SLBM) Wednesday, a day after Pyongyang and Washington agreed to resume nuclear talks.</Description><PublishedDate>1/1/0001 12:00:00 AM +00:00</PublishedDate><NewsChannel>CNN</NewsChannel></NewsItem><NewsItem><Title>Hong Kong descended into chaos. In flag-covered Beijing, almost no one noticed</Title><Description>In the tightly-censored bubble of state-run media and restricted internet, Beijing locals enjoyed their October 1 National Day seemingly unaware that in Hong Kong, which is Chinese territory, police and protesters were fighting in the streets.</Description><PublishedDate>1/1/0001 12:00:00 AM +00:00</PublishedDate><NewsChannel>CNN</NewsChannel></NewsItem><NewsItem><Title>Trump impeachment: Second whistleblower emerges</Title><Description>A second whistleblower has come forward in the Trump-Ukraine inquiry, lawyers tell US media.</Description><PublishedDate>10/6/2019 2:32:20 PM +00:00</PublishedDate><NewsChannel>BBC</NewsChannel></NewsItem><NewsItem><Title>Hong Kong protest march descends into violence</Title><Description>Rioting erupts after tens of thousands of anti-government protesters march through the city.</Description><PublishedDate>10/6/2019 11:52:28 AM +00:00</PublishedDate><NewsChannel>BBC</NewsChannel></NewsItem><NewsItem><Title>Ginger Baker: Legendary Cream drummer dies aged 80</Title><Description>One of rock's most influential musicians, he played with Cream, Blind Faith and Public Image Ltd.</Description><PublishedDate>10/6/2019 10:12:04 AM +00:00</PublishedDate><NewsChannel>BBC</NewsChannel></NewsItem><NewsItem><Title>Catholic Church: Could Pope Francis say 'yes' to married priests?</Title><Description>Priests and bishops will discuss whether to allow married priests in remote parts of the Amazon.</Description><PublishedDate>10/6/2019 11:05:45 AM +00:00</PublishedDate><NewsChannel>BBC</NewsChannel></NewsItem><NewsItem><Title>Sahar Tabar: Iranian Instagram star arrested for blasphemy</Title><Description>Sahar Tabar became famous through her shocking posts, but most pictures had been heavily edited.</Description><PublishedDate>10/6/2019 1:27:50 PM +00:00</PublishedDate><NewsChannel>BBC</NewsChannel></NewsItem><NewsItem><Title>How do you choose a Nobel Prize winner?</Title><Description>The Nobel Prizes are amongst the most prestigious awards in a variety of fields, so how do you win one?</Description><PublishedDate>10/5/2019 11:17:22 PM +00:00</PublishedDate><NewsChannel>BBC</NewsChannel></NewsItem><NewsItem><Title>Kansas City: Gunman on run after four shot dead in bar</Title><Description>A suspect is on the run after the attack which left another five people injured.</Description><PublishedDate>10/6/2019 3:33:58 PM +00:00</PublishedDate><NewsChannel>BBC</NewsChannel></NewsItem><NewsItem><Title>BBC concert called off after man slashed backstage</Title><Description>The rapper received medical help at the Arena Birmingham and the sold-out show was called off.</Description><PublishedDate>10/6/2019 2:32:11 PM +00:00</PublishedDate><NewsChannel>BBC</NewsChannel></NewsItem><NewsItem><Title>Brexit: We can do a deal if EU is willing - Johnson</Title><Description>Boris Johnson says he has growing support from MPs for his Brexit plan ahead of further EU talks.</Description><PublishedDate>10/6/2019 3:33:59 PM +00:00</PublishedDate><NewsChannel>BBC</NewsChannel></NewsItem><NewsItem><Title>Hamilton creator Lin-Manuel Miranda recalls childhood tragedy</Title><Description>Lin-Manuel Miranda says the death of his childhood best friend shaped his plays and his outlook.</Description><PublishedDate>10/5/2019 11:02:31 PM +00:00</PublishedDate><NewsChannel>BBC</NewsChannel></NewsItem><NewsItem><Title>Amber Guyger case: Witness in US 'wrong flat' murder case shot dead</Title><Description>A man who lived in the same building as killer policewoman Amber Guyger dies in a shooting himself.</Description><PublishedDate>10/6/2019 2:35:33 PM +00:00</PublishedDate><NewsChannel>BBC</NewsChannel></NewsItem><NewsItem><Title>Portugal election: Socialists tipped to win as voting begins</Title><Description>The election comes at a time of rapid economic growth under the minority Socialist government.</Description><PublishedDate>10/6/2019 8:55:26 AM +00:00</PublishedDate><NewsChannel>BBC</NewsChannel></NewsItem><NewsItem><Title>Transhumanism: How far would you go for a body upgrade?</Title><Description>Meet the "transhumanists" who are pushing the boundaries of technology to implant chips and more into their bodies.</Description><PublishedDate>10/5/2019 11:17:10 PM +00:00</PublishedDate><NewsChannel>BBC</NewsChannel></NewsItem><NewsItem><Title>Enable denied record third win in Arc race</Title><Description>Enable and Frankie Dettori are denied a record third Prix de l'Arc de Triomphe as Waldgeist pips her on the line.</Description><PublishedDate>10/6/2019 3:08:09 PM +00:00</PublishedDate><NewsChannel>BBC</NewsChannel></NewsItem><NewsItem><Title>Life as a teenage dwarf: 'People think I'm four or five years old'</Title><Description>Liam Smyth, 14, was born with one of the world's rarest forms of dwarfism.</Description><PublishedDate>10/5/2019 11:30:12 PM +00:00</PublishedDate><NewsChannel>BBC</NewsChannel></NewsItem><NewsItem><Title>Keeping alive the Igbo talking flute in Nigeria</Title><Description>This Nigerian music teacher wants to preserve Igbo traditions, such as the 'Oja'. talking flute.</Description><PublishedDate>10/5/2019 11:04:10 PM +00:00</PublishedDate><NewsChannel>BBC</NewsChannel></NewsItem><NewsItem><Title>Six elephants die trying to save each other at Thai waterfall</Title><Description>The incident began after a baby elephant fell from a Thai waterfall and others tried to rescue it.</Description><PublishedDate>10/5/2019 3:12:38 PM +00:00</PublishedDate><NewsChannel>BBC</NewsChannel></NewsItem><NewsItem><Title>Your pictures on the theme of 'straight lines'</Title><Description>Each week, we publish a gallery of readers' pictures on a set theme. This week it is "straight lines".</Description><PublishedDate>10/3/2019 11:19:31 AM +00:00</PublishedDate><NewsChannel>BBC</NewsChannel></NewsItem><NewsItem><Title>Lucia Lucas: Making UK operatic debut at the ENO</Title><Description>Lucia Lucas is playing a male role suited to her baritone voice at English National Opera.</Description><PublishedDate>10/5/2019 1:59:01 PM +00:00</PublishedDate><NewsChannel>BBC</NewsChannel></NewsItem><NewsItem><Title>In pictures: Ethiopia's Oromos celebrate thanksgiving</Title><Description>Huge crowds turn out for the Oromo Irreecha festival, in Addis Ababa for the first time.</Description><PublishedDate>10/5/2019 1:27:42 PM +00:00</PublishedDate><NewsChannel>BBC</NewsChannel></NewsItem><NewsItem><Title>Doch Chkae, the metal band born on a rubbish dump</Title><Description>Doch Chkae began life on a Cambodian rubbish dump, but now play to thousands.</Description><PublishedDate>10/5/2019 11:07:02 PM +00:00</PublishedDate><NewsChannel>BBC</NewsChannel></NewsItem><NewsItem><Title>Notre-Dame: How an underwater forest in Ghana could help rebuild a Paris icon</Title><Description>Wood submerged in Ghana's Lake Volta is a "genius solution" to rebuilding the French cathedral, some say but others disagree.</Description><PublishedDate>10/5/2019 11:11:50 PM +00:00</PublishedDate><NewsChannel>BBC</NewsChannel></NewsItem><NewsItem><Title>Trump impeachment: Democrat Elaine Luria defends backing inquiry</Title><Description>Democrat Elaine Luria has backed the inquiry - but do all of her Virginia constituents back her?</Description><PublishedDate>10/5/2019 9:16:35 PM +00:00</PublishedDate><NewsChannel>BBC</NewsChannel></NewsItem><NewsItem><Title>Facebook encryption: Should governments be given keys to access our messages?</Title><Description>Facebook has been asked to roll back plans to bring end-to-end encryption to its platforms.</Description><PublishedDate>10/5/2019 11:15:38 PM +00:00</PublishedDate><NewsChannel>BBC</NewsChannel></NewsItem><NewsItem><Title>Wexit: Why some Albertans want to separate from Canada</Title><Description>As talk about climate change in Canada heats up, so has Alberta's separatist movement.</Description><PublishedDate>10/4/2019 7:49:57 PM +00:00</PublishedDate><NewsChannel>BBC</NewsChannel></NewsItem><NewsItem><Title>Pagers, faxes and cheques: Things that might seem obsolete, but aren't</Title><Description>As Japan's pagers beep for the final time, we look at other outdated tech that's still clinging on.</Description><PublishedDate>10/4/2019 11:06:04 PM +00:00</PublishedDate><NewsChannel>BBC</NewsChannel></NewsItem><NewsItem><Title>Methanol poisoning: Death by ignorance and taboo</Title><Description>Experts say treating poisoning from bootleg liquor as a moral issue not a disease is risking lives.</Description><PublishedDate>10/6/2019 11:07:29 AM +00:00</PublishedDate><NewsChannel>BBC</NewsChannel></NewsItem><NewsItem><Title>Man City eight points adrift after surprise loss to Wolves</Title><Description>Champions Manchester City are stunned at home by Wolves to leave Pep Guardiola's side eight points behind leaders Liverpool.</Description><PublishedDate>10/6/2019 3:24:20 PM +00:00</PublishedDate><NewsChannel>BBC</NewsChannel></NewsItem><NewsItem><Title>France 'have a lot of work to do' before facing England in decider</Title><Description>France will play England next Saturday to decide who tops Pool C after they finally subdued a battling Tonga at the Rugby World Cup.</Description><PublishedDate>10/6/2019 1:18:55 PM +00:00</PublishedDate><NewsChannel>BBC</NewsChannel></NewsItem><NewsItem><Title>World Athletics Championships: Saffan Hassan's angry outburst and Michael Johnson's response</Title><Description>World 1500m champion Sifan Hassan hits back at critics after her coach Alberto Salazaar was banned for doping violations but Michael Johnson says she must expect to be under scrutiny.</Description><PublishedDate>10/5/2019 7:21:38 PM +00:00</PublishedDate><NewsChannel>BBC</NewsChannel></NewsItem><NewsItem><Title>Abraham &amp; Mount on target in impressive Chelsea win</Title><Description>Tammy Abraham scores his eighth league goal of the season as in-form Chelsea sweep aside Southampton at St Mary's to climb to fifth in the Premier League.</Description><PublishedDate>10/6/2019 3:22:11 PM +00:00</PublishedDate><NewsChannel>BBC</NewsChannel></NewsItem><NewsItem><Title>The awkward questions about slavery from tourists in US South</Title><Description>It's been 400 years since US slavery began. So how does this dark past fit into tourism now?</Description><PublishedDate>10/2/2019 7:16:52 PM +00:00</PublishedDate><NewsChannel>BBC</NewsChannel></NewsItem><NewsItem><Title>Falling felines: Keeping cats in high-rise flats safe</Title><Description>If you're a cat owner in a high-rise apartment in Singapore, how do you keep your cat safe?</Description><PublishedDate>10/3/2019 11:00:57 PM +00:00</PublishedDate><NewsChannel>BBC</NewsChannel></NewsItem><NewsItem><Title>Uncovering secrets of mystery civilization in Saudi Arabia</Title><Description>A team of more than 60 experts is trying to find out more about the enigmatic Nabataean culture.</Description><PublishedDate>10/3/2019 12:15:14 AM +00:00</PublishedDate><NewsChannel>BBC</NewsChannel></NewsItem><NewsItem><Title>ICYMI: Medieval jousting and a catwalk invader</Title><Description>Here are some of the stories you may have missed in the last week.</Description><PublishedDate>10/6/2019 7:38:55 AM +00:00</PublishedDate><NewsChannel>BBC</NewsChannel></NewsItem><NewsItem><Title>James Johnson: 'My struggles as an intersex footballer'</Title><Description>James Johnson, who was born intersex, was called up to Nigeria's women's team.</Description><PublishedDate>9/30/2019 11:01:12 PM +00:00</PublishedDate><NewsChannel>BBC</NewsChannel></NewsItem></NewsFeed>